Id,Dernière inscription,Diplôme,Branche,Niveau,Filière,Ancienneté,Statut,type,Catégorie UV,Crédits ECTS
CE1ECD96C36E106EF3EA5FEB77C30378,Printemps 2019,Branche,GI,6,IL,6,Apprentissage (Formation initiale),etudiants,NA,NA
F14CBFB2365D0CDF268DD205EED28A63,Printemps 2019,Branche,GI,6,NA,6,Apprentissage (Formation initiale),etudiants,NA,NA
41C3CE7CBC59AAE3930937AA319E33B5,Printemps 2019,Branche,GI,6,IL,6,Apprentissage (Formation initiale),etudiants,NA,NA
B08617FAC38878B09888D3B8F582D234,Printemps 2019,Branche,IM,7,CPT,12,Apprentissage (Formation initiale),etudiants,NA,NA
2CE21F42FDD2402D164AF0FFF3B15422,Printemps 2019,Branche,GI,6,IL,6,Apprentissage (Formation initiale),etudiants,NA,NA
2905E4CFFE46BB6CDD1FF584B65B5626,Printemps 2019,Branche,GI,6,IL,6,Apprentissage (Formation initiale),etudiants,NA,NA
7870A7192A35D4E54D7647492D548F50,Printemps 2019,Branche,GI,6,IL,12,Apprentissage (Formation initiale),etudiants,NA,NA
6193169C6C2F1804752ECF557668B970,Printemps 2019,Branche,IM,6,CPT,11,Apprentissage (Formation initiale),etudiants,NA,NA
1A7F6A03E67FB303EE226360185E7D85,Printemps 2019,Branche,GI,7,NA,11,Apprentissage (Formation initiale),etudiants,NA,NA
A1F28D037EC9CE00E281EC114CF2C691,Printemps 2020,Branche,GI,6,IL,6,Apprentissage (Formation initiale),etudiants,NA,NA
AA60912BEF8F19D98DE41AFB473FFB50,Printemps 2019,Branche,IM,6,CPT,10,Apprentissage (Formation initiale),etudiants,NA,NA
503B8B0962E4885955B1A5357C93D288,Printemps 2019,Branche,GI,6,IL,10,Apprentissage (Formation initiale),etudiants,NA,NA
59D9DFBBA39ABD7B300C4CBABF06592C,Printemps 2020,Branche,IM,6,IND,12,Apprentissage (Formation initiale),etudiants,NA,NA
33D74677EED65E9DA45655A9A7FFFDBA,Printemps 2020,Branche,IM,7,IND,12,Apprentissage (Formation initiale),etudiants,NA,NA
A0C0E2ADEDC68A6F4164BCDEB1FD6552,Printemps 2020,Branche,IM,6,CPT,11,Apprentissage (Formation initiale),etudiants,NA,NA
CC1B327566C2DAD3B4BD6BEC7604DE94,Printemps 2020,Branche,GI,6,3IC,11,Apprentissage (Formation initiale),etudiants,NA,NA
0FA36DF7934A112F71F6B0F525DD8A49,Printemps 2020,Branche,GI,6,IL,6,Apprentissage (Formation initiale),etudiants,NA,NA
32CC35F7632D9F7E2520334624D01FE5,Printemps 2020,Branche,GI,6,IL,10,Apprentissage (Formation initiale),etudiants,NA,NA
4EADC96F02C918EAE1C8EC48C5D9AF78,Printemps 2021,Branche,GI,7,IL,12,Apprentissage (Formation initiale),etudiants,NA,NA
079FA8068E46E50F91034EB1E82414B1,Printemps 2022,Branche,IM,6,IND,6,Apprentissage (Formation initiale),etudiants,NA,NA
912DA48A8F9739FA8D9880F10E03B4A2,Printemps 2020,Branche,IM,6,CPT,10,Apprentissage (Formation initiale),etudiants,NA,NA
569EDAD10FA5288EC5C2384AD5A1916F,Printemps 2020,Branche,GI,6,IL,10,Apprentissage (Formation initiale),etudiants,NA,NA
333CFAF89579F4548E91BC2FD5F5A177,Printemps 2021,Branche,IM,6,IND,6,Apprentissage (Formation initiale),etudiants,NA,NA
65D1D7FA60936413A91B32F500848AD1,Printemps 2020,Branche,GI,6,3IC,10,Apprentissage (Formation initiale),etudiants,NA,NA
A92A744D3445E2BA11D685CD8D305724,Printemps 2020,Branche,GI,6,3IC,10,Apprentissage (Formation initiale),etudiants,NA,NA
C5BA0BAE2F56A4E1032829F0F2780329,Printemps 2021,Branche,IM,7,CPT,12,Apprentissage (Formation initiale),etudiants,NA,NA
817095A3E509EFFBF53C26C122A6F618,Printemps 2021,Branche,GI,7,3IC,12,Apprentissage (Formation initiale),etudiants,NA,NA
6525CBDBE114E993E1A25EB85ED3DD7C,Printemps 2020,Branche,IM,6,CPT,10,Apprentissage (Formation initiale),etudiants,NA,NA
35652206DC4ECE147FB0C8CBC990DF9A,Printemps 2021,Branche,GI,6,3IC,6,Apprentissage (Formation initiale),etudiants,NA,NA
21784A0431029CAFFF457CACE05809B3,Printemps 2020,Branche,GI,6,IL,10,Apprentissage (Formation initiale),etudiants,NA,NA
DDDAAFA4589FF9AC51A6191DAD6E3202,Printemps 2021,Branche,IM,6,PIL,6,Apprentissage (Formation initiale),etudiants,NA,NA
AAEC5953BE58B0551AEEB1034CD9F52A,Printemps 2020,Branche,IM,6,CPT,10,Apprentissage (Formation initiale),etudiants,NA,NA
F376FD68B392BA3835991AD2DCB10CF9,Printemps 2021,Branche,GI,6,3IC,11,Apprentissage (Formation initiale),etudiants,NA,NA
9F1C440F9722943650A2FD5A46620F2B,Printemps 2019,Branche,GI,6,IL,6,Apprentissage (Formation initiale),etudiants,NA,NA
751C6562FA3CD881AF9A5A83D5365AD2,Printemps 2022,Branche,GI,6,IL,6,Apprentissage (Formation initiale),etudiants,NA,NA
E5264CF0E4D0B70E482D206C8F05F36E,Printemps 2019,Branche,GI,6,IL,6,Apprentissage (Formation initiale),etudiants,NA,NA
EB8E45D765F10B4C87B3FEDF9E484558,Printemps 2021,Branche,GI,6,3IC,10,Apprentissage (Formation initiale),etudiants,NA,NA
6F24692955C681D00AFB9286DB355F8F,Automne 2019,Branche,GI,7,3IC,7,Apprentissage (Formation initiale),etudiants,NA,NA
7EFE2B4328B02C6A4F58F90BB96A4E8C,Printemps 2021,Branche,GI,6,IL,10,Apprentissage (Formation initiale),etudiants,NA,NA
65234676A91B730B78D79D1AED5AAD7A,Printemps 2022,Branche,IM,6,CMI,6,Apprentissage (Formation initiale),etudiants,NA,NA
1F7ADC38A47F52E321E2A7C2F43E4886,Printemps 2021,Branche,GI,6,3IC,10,Apprentissage (Formation initiale),etudiants,NA,NA
E28EF9FDFF98349A01888B29B1EF8228,Printemps 2019,Branche,IM,6,CPT,6,Apprentissage (Formation initiale),etudiants,NA,NA
788DBC39614CB0EE81CBC388FD61EF56,Printemps 2019,Branche,GI,6,IL,6,Apprentissage (Formation initiale),etudiants,NA,NA
733782E74A68158CDCCA68F741B14F85,Printemps 2019,Branche,IM,6,IND,6,Apprentissage (Formation initiale),etudiants,NA,NA
E5249ACD3277F1232A73714D0B7085C7,Printemps 2019,Branche,GI,6,IL,6,Apprentissage (Formation initiale),etudiants,NA,NA
E900AB5F1E21CC1E214FA2956E65F90A,Automne 2019,Branche,IM,7,CPT,7,Apprentissage (Formation initiale),etudiants,NA,NA
F2A047374D564CDA5E525CD77C078D53,Printemps 2021,Branche,IM,6,CPT,10,Apprentissage (Formation initiale),etudiants,NA,NA
1AFEAFE786D3C14CC6C9CB1DDB366619,Printemps 2019,Branche,IM,6,CPT,6,Apprentissage (Formation initiale),etudiants,NA,NA
290C3612B4911FA8810FBE001B5F1A14,Printemps 2019,Branche,GI,6,IL,6,Apprentissage (Formation initiale),etudiants,NA,NA
5D4AB7F5F41859AC71C25ECCC78AC2BE,Printemps 2019,Branche,GI,6,IL,6,Apprentissage (Formation initiale),etudiants,NA,NA
244D33D2CDCC5C126A15187C86E4377E,Printemps 2019,Branche,IM,6,CPT,6,Apprentissage (Formation initiale),etudiants,NA,NA
5A537F8B6DD329013F531C0057DE2D6E,Printemps 2019,Branche,IM,6,CPT,6,Apprentissage (Formation initiale),etudiants,NA,NA
B4671B0109553CE0070CC237E35923E3,Printemps 2021,Branche,IM,6,CPT,10,Apprentissage (Formation initiale),etudiants,NA,NA
1F49D87EC6B0C62EFE3F95CA75FC7F15,Printemps 2019,Branche,IM,6,CPT,6,Apprentissage (Formation initiale),etudiants,NA,NA
BDA549506FEE56B5C5E059A9E44E02EF,Printemps 2019,Branche,GI,6,IL,6,Apprentissage (Formation initiale),etudiants,NA,NA
E3BD88527F0F2D356909CCC04F57CA28,Printemps 2019,Branche,GI,6,IL,6,Apprentissage (Formation initiale),etudiants,NA,NA
F3F853F0B04419C8151035DF18DED254,Printemps 2019,Branche,IM,6,CPT,6,Apprentissage (Formation initiale),etudiants,NA,NA
EEB0343BAB369F9A7C026A6A0D93060F,Printemps 2019,Branche,GI,6,3IC,6,Apprentissage (Formation initiale),etudiants,NA,NA
8C3281E34B958D967944F09C22AD7F61,Printemps 2019,Branche,GI,6,3IC,6,Apprentissage (Formation initiale),etudiants,NA,NA
B9DEE92A626CF7476C785EEAF3AC8BE3,Printemps 2019,Branche,IM,6,CPT,6,Apprentissage (Formation initiale),etudiants,NA,NA
B51CA4AD7E9232C7068047E155DCEF54,Printemps 2019,Branche,IM,6,IND,6,Apprentissage (Formation initiale),etudiants,NA,NA
3BBB7F2682805C852DAA170B092144AC,Printemps 2019,Branche,GI,6,IL,6,Apprentissage (Formation initiale),etudiants,NA,NA
58AFF2D39413F64AD3638CDC08499532,Printemps 2019,Branche,GI,6,IL,6,Apprentissage (Formation initiale),etudiants,NA,NA
DD66B3D9F1DA09C12567559A0327D77B,Printemps 2019,Branche,IM,6,CPT,6,Apprentissage (Formation initiale),etudiants,NA,NA
D3103E88E72AE4B6E2A849D3624AF1AB,Automne 2021,Branche,IM,11,IND,11,Apprentissage (Formation initiale),etudiants,NA,NA
8FB835E69802F9F2F11478301C7C7931,Printemps 2019,Branche,GI,6,3IC,6,Apprentissage (Formation initiale),etudiants,NA,NA
47BC5D563AFF370028D76AC4721831A2,Printemps 2019,Branche,IM,6,CPT,6,Apprentissage (Formation initiale),etudiants,NA,NA
2818B079636F7BD109C160775E5C6FE9,Printemps 2019,Branche,IM,6,CPT,6,Apprentissage (Formation initiale),etudiants,NA,NA
DAF2AF97A139333F9B458FDED1EAF39E,Printemps 2019,Branche,IM,6,CPT,6,Apprentissage (Formation initiale),etudiants,NA,NA
ECDA5A1A066D820455EBA6832045A6E5,Printemps 2022,Branche,GI,6,IL,6,Apprentissage (Formation initiale),etudiants,NA,NA
7F381E0EC65A7994246BB4415612D603,Printemps 2021,Branche,GI,6,IL,10,Apprentissage (Formation initiale),etudiants,NA,NA
9FA227BB136FA00409C35C1E88AF9551,Printemps 2019,Branche,GI,6,IL,6,Apprentissage (Formation initiale),etudiants,NA,NA
DCBE7CEFCA30E70061B5E681D69DB3B6,Printemps 2019,Branche,IM,6,IND,6,Apprentissage (Formation initiale),etudiants,NA,NA
D9CE5F006E72E24B66190CD6EFC31D6F,Printemps 2019,Branche,IM,6,CPT,6,Apprentissage (Formation initiale),etudiants,NA,NA
BEB47817F72EA9DCBF11FDD357049F5D,Printemps 2022,Branche,GI,6,IL,11,Apprentissage (Formation initiale),etudiants,NA,NA
80627981EBF05EDDAA7DA3281EAEFAD7,Printemps 2022,Branche,GI,4,IL,10,Apprentissage (Formation initiale),etudiants,NA,NA
8E87A032113A60BC208BC10B7EED905E,Printemps 2022,Branche,GI,6,IAD,10,Apprentissage (Formation initiale),etudiants,NA,NA
2E9A3A0E23A75ED8EF1B9B04EA2B9572,Printemps 2022,Branche,IM,4,IND,10,Apprentissage (Formation initiale),etudiants,NA,NA
D1CDF5B6B19C1A0C7B568038EFA844EF,Printemps 2020,Branche,IM,6,CPT,6,Apprentissage (Formation initiale),etudiants,NA,NA
D98D60613705F99642DA2CF1590FA88B,Printemps 2020,Branche,GI,6,IL,6,Apprentissage (Formation initiale),etudiants,NA,NA
27F854E86FB77C6822D03700D0AAD180,Printemps 2020,Branche,GI,6,IL,6,Apprentissage (Formation initiale),etudiants,NA,NA
824657D84EFA41D735265F6E6A108837,Printemps 2020,Branche,GI,6,IL,6,Apprentissage (Formation initiale),etudiants,NA,NA
26CC72ED4DEF76F3C61ED115FD2AEABA,Printemps 2020,Branche,IM,6,IND,6,Apprentissage (Formation initiale),etudiants,NA,NA
87F67C5DED6D2E851FE470E1A2269A82,Printemps 2020,Branche,IM,6,IND,6,Apprentissage (Formation initiale),etudiants,NA,NA
80877F6BB3444E64D0955E92A6F5989A,Printemps 2022,Branche,IM,6,CPT,10,Apprentissage (Formation initiale),etudiants,NA,NA
412DED88BD004667F4857274942117D5,Printemps 2020,Branche,IM,6,CPT,6,Apprentissage (Formation initiale),etudiants,NA,NA
1277E6B349BC4705FB24FF906E186C86,Printemps 2022,Branche,GI,6,IL,10,Apprentissage (Formation initiale),etudiants,NA,NA
3F3A61D6DEDEB22C62AB12D9EB50A9F7,Printemps 2022,Branche,GI,6,3IC,10,Apprentissage (Formation initiale),etudiants,NA,NA
BC7077BD980304A4487D75FF45184CC3,Printemps 2020,Branche,IM,6,IND,6,Apprentissage (Formation initiale),etudiants,NA,NA
F00BE8F9280C12E0AE12722B5246F65E,Printemps 2020,Branche,IM,6,CPT,6,Apprentissage (Formation initiale),etudiants,NA,NA
1F42F259A594EC6268C2F79A923C02ED,Printemps 2020,Branche,GI,6,3IC,6,Apprentissage (Formation initiale),etudiants,NA,NA
FB037D72F0ED746FDDD0F3CDD59EE190,Printemps 2020,Branche,GI,6,3IC,6,Apprentissage (Formation initiale),etudiants,NA,NA
02494583F5D3E42E4C200EC6AE1EEC37,Printemps 2020,Branche,GI,6,3IC,6,Apprentissage (Formation initiale),etudiants,NA,NA
1F9346761CE182035B1E2C25438F23FA,Printemps 2022,Branche,GI,5,NA,10,Apprentissage (Formation initiale),etudiants,NA,NA
836F2FB612F592D84AC53A6A2EE7958B,Printemps 2022,Branche,IM,5,NA,10,Apprentissage (Formation initiale),etudiants,NA,NA
A99BE2A8FAE20E88A9B056FEA71A8589,Printemps 2020,Branche,IM,6,IND,6,Apprentissage (Formation initiale),etudiants,NA,NA
346F34E0004892D377190842BF0E14CE,Printemps 2020,Branche,IM,6,CPT,6,Apprentissage (Formation initiale),etudiants,NA,NA
1E0D54524B4EF5CA664AF89AFAEB9BB3,Printemps 2022,Branche,GI,4,3IC,4,Apprentissage (Formation initiale),etudiants,NA,NA
45BCBCD0740DF211E1D770ED8FA40CFC,Printemps 2020,Branche,IM,6,CPT,6,Apprentissage (Formation initiale),etudiants,NA,NA
E51EA3E4FFFB0A8C68E25E056C942944,Printemps 2020,Branche,IM,6,CPT,6,Apprentissage (Formation initiale),etudiants,NA,NA
E212B092C095AEEBB5726DCD4EA6EC6D,Printemps 2020,Branche,GI,6,IL,6,Apprentissage (Formation initiale),etudiants,NA,NA
0C2EAD69C0B0ECEB04199B215A84A9FE,Printemps 2019,Branche,IM,4,CPT,4,Apprentissage (Formation initiale),etudiants,NA,NA
4AA67DC7644B98458D6DDA19B160C22B,Printemps 2020,Branche,IM,6,IND,6,Apprentissage (Formation initiale),etudiants,NA,NA
B697F5AE6104C471E4D8D77147202F57,Printemps 2020,Branche,GI,6,IL,6,Apprentissage (Formation initiale),etudiants,NA,NA
F7BE0D06D04556C09A8D8A234FDA4BA0,Printemps 2020,Branche,GI,6,IL,6,Apprentissage (Formation initiale),etudiants,NA,NA
6EFB57C007B8E9F2CC743C6964627791,Printemps 2020,Branche,IM,6,CPT,6,Apprentissage (Formation initiale),etudiants,NA,NA
D4E2011ED297371741D45FEEF52AD69B,Automne 2020,Branche,IM,7,IND,7,Apprentissage (Formation initiale),etudiants,NA,NA
95AFDE61C5EAC0ED0FDB99A14B8C7903,Printemps 2020,Branche,IM,6,CPT,6,Apprentissage (Formation initiale),etudiants,NA,NA
540594E8D57CE7050F95C53CC2B38D4C,Printemps 2020,Branche,IM,6,IND,6,Apprentissage (Formation initiale),etudiants,NA,NA
0B03F2999F52E36BA9E5CF06C122F18F,Printemps 2020,Branche,IM,6,CPT,6,Apprentissage (Formation initiale),etudiants,NA,NA
2ECA4F76986FFDEA3A16C9537A616677,Automne 2020,Branche,IM,7,PIL,7,Apprentissage (Formation initiale),etudiants,NA,NA
0E6A49F7E31A4D8EE3DD0FA6D72D7499,Printemps 2022,Branche,GI,4,IAD,10,Apprentissage (Formation initiale),etudiants,NA,NA
AE2ACA9BB2745359BEBA485B448087EC,Printemps 2022,Branche,GI,6,ISI,10,Apprentissage (Formation initiale),etudiants,NA,NA
D09C39FE75D2B3DB001F9B3415FA8E0F,Printemps 2022,Branche,IM,6,PIL,10,Apprentissage (Formation initiale),etudiants,NA,NA
45687EB83F4682E1F1A250925E28DAD0,Printemps 2022,Branche,GI,5,ISI,10,Apprentissage (Formation initiale),etudiants,NA,NA
9F6BD32BA7350EB1E8D351F4AD34F304,Printemps 2022,Branche,GI,6,ISI,10,Apprentissage (Formation initiale),etudiants,NA,NA
C7138F1EF665F1719710DAE79456DAD1,Printemps 2022,Branche,GI,5,3IC,9,Apprentissage (Formation initiale),etudiants,NA,NA
49E21F8F8C7CB5A41674A3CB7647E5EE,Printemps 2022,Branche,GI,5,3IC,9,Apprentissage (Formation initiale),etudiants,NA,NA
43CE86FCDEBA0DA303066B7125D2465A,Printemps 2021,Branche,IM,6,PIL,7,Apprentissage (Formation initiale),etudiants,NA,NA
D85AABE7FC084E2E34CB8E0EC069505D,Printemps 2022,Branche,GI,4,3IC,8,Apprentissage (Formation initiale),etudiants,NA,NA
7B962BBD46801F2EB894B354EBC25DF8,Printemps 2021,Branche,IM,6,IND,6,Apprentissage (Formation initiale),etudiants,NA,NA
C2B386AC1962181497BBA5DCBDB136A2,Printemps 2022,Branche,IM,2,CPT,8,Apprentissage (Formation initiale),etudiants,NA,NA
2053866E39529A84BAEE286AEBD2E580,Printemps 2022,Branche,IM,8,CPT,8,Apprentissage (Formation initiale),etudiants,NA,NA
46173E37DA520A88E46DC567DB307BEB,Printemps 2022,Branche,GI,4,3IC,8,Apprentissage (Formation initiale),etudiants,NA,NA
BBF6BD93803345CE4D8AE2B33DB4C1A3,Printemps 2022,Branche,GI,4,IL,8,Apprentissage (Formation initiale),etudiants,NA,NA
F66F37E3141204AD2680147185ADB365,Printemps 2021,Branche,GI,6,3IC,6,Apprentissage (Formation initiale),etudiants,NA,NA
C002473CEC1354C3AC9665F7334B6991,Printemps 2022,Branche,GI,4,3IC,8,Apprentissage (Formation initiale),etudiants,NA,NA
0A875AD75F56DF2584ABE4F9CA35C617,Printemps 2021,Branche,GI,6,3IC,6,Apprentissage (Formation initiale),etudiants,NA,NA
47C77E4886BB845DD363660A75F65EEF,Automne 2019,Branche,GI,3,IL,3,Apprentissage (Formation initiale),etudiants,NA,NA
BFCA5F8C496F87C8F50C2867893F5C25,Printemps 2021,Branche,GI,6,IL,6,Apprentissage (Formation initiale),etudiants,NA,NA
01686AED9AC0EA28CA5293B8D734DF5A,Printemps 2021,Branche,IM,6,CPT,6,Apprentissage (Formation initiale),etudiants,NA,NA
299CE2C548F2231C3DC92F239DC85A96,Printemps 2021,Branche,GI,6,NA,6,Apprentissage (Formation initiale),etudiants,NA,NA
8290C407F92E163FF37E583AA9A44197,Printemps 2021,Branche,GI,6,IL,6,Apprentissage (Formation initiale),etudiants,NA,NA
FA66BDBB8A335726D5296096456C0D6C,Printemps 2021,Branche,IM,6,CPT,6,Apprentissage (Formation initiale),etudiants,NA,NA
6897947397C1CE97CA8CA6F37698D0A6,Printemps 2022,Branche,GI,4,ISI,8,Apprentissage (Formation initiale),etudiants,NA,NA
D29DBA9928ED6D3A4F344C3146C69645,Printemps 2021,Branche,GI,6,IL,6,Apprentissage (Formation initiale),etudiants,NA,NA
0255E1246C88C4A027910A9F9B801BEB,Printemps 2021,Branche,GI,6,NA,6,Apprentissage (Formation initiale),etudiants,NA,NA
3696D473E77DD3B864EDFCA9D5CEFC74,Printemps 2021,Branche,IM,6,CPT,6,Apprentissage (Formation initiale),etudiants,NA,NA
571B358A5AAC11AA87E16D517A07103B,Printemps 2021,Branche,GI,6,IL,6,Apprentissage (Formation initiale),etudiants,NA,NA
A985D2853F3933DB60D8E7BE7B87DE3D,Printemps 2021,Branche,GI,6,3IC,6,Apprentissage (Formation initiale),etudiants,NA,NA
AF38FC23AB1F6F8608F8F912D259B940,Printemps 2021,Branche,IM,6,IND,6,Apprentissage (Formation initiale),etudiants,NA,NA
9F09ACD94F30DADBAC7B0798B194C6AC,Printemps 2021,Branche,IM,6,IND,6,Apprentissage (Formation initiale),etudiants,NA,NA
E60613B185C23BF1893C920A2EFFB94D,Printemps 2022,Branche,IM,8,IND,8,Apprentissage (Formation initiale),etudiants,NA,NA
FD63FB39C5FC0010FF613E617CE62835,Printemps 2022,Branche,IM,4,CPT,8,Apprentissage (Formation initiale),etudiants,NA,NA
D096E761A8B760FAB5B608F64A437F0B,Printemps 2021,Branche,GI,6,IL,6,Apprentissage (Formation initiale),etudiants,NA,NA
7E963897F3619EE54E2D87333C47E2F9,Printemps 2021,Branche,GI,6,IL,6,Apprentissage (Formation initiale),etudiants,NA,NA
5127C45C1F1981B13F58EBE3488FE766,Printemps 2021,Branche,GI,6,IL,6,Apprentissage (Formation initiale),etudiants,NA,NA
ECFE1D7F488CB99255A2EE46D4B2E286,Printemps 2021,Branche,IM,6,CPT,6,Apprentissage (Formation initiale),etudiants,NA,NA
A2D1F93099F02135E49D1BE9B3E6A7DA,Printemps 2021,Branche,GI,6,3IC,6,Apprentissage (Formation initiale),etudiants,NA,NA
A02422AF9B109EF578CCEE3E38C3FAB1,Printemps 2021,Branche,IM,6,CPT,6,Apprentissage (Formation initiale),etudiants,NA,NA
26CAABF5B58E61272540A2EF55BCBED9,Automne 2021,Branche,IM,7,IND,7,Apprentissage (Formation initiale),etudiants,NA,NA
339CC5E7CD370F9C975EDC4C4DB2F5B8,Printemps 2021,Branche,IM,6,CMI,6,Apprentissage (Formation initiale),etudiants,NA,NA
291E9D2DBBF3FD2B2B197004F7BA53EF,Printemps 2022,Branche,GI,4,IL,8,Apprentissage (Formation initiale),etudiants,NA,NA
E941D16FD8ED6CB6290F3C6BD9501469,Printemps 2021,Branche,GI,6,IL,6,Apprentissage (Formation initiale),etudiants,NA,NA
812E1B05071D403C68F6F4CD4A692E16,Printemps 2021,Branche,IM,6,CPT,6,Apprentissage (Formation initiale),etudiants,NA,NA
7BABF79F64CA75F63AB10C635F5C0778,Printemps 2021,Branche,IM,6,CPT,6,Apprentissage (Formation initiale),etudiants,NA,NA
2BA5A1BB74AC95971E8FE7BFDF1DF783,Printemps 2021,Branche,IM,6,IND,6,Apprentissage (Formation initiale),etudiants,NA,NA
73EC27BD4A9CBCFEF6A26CA0479F0CA9,Printemps 2022,Branche,IM,4,CPT,8,Apprentissage (Formation initiale),etudiants,NA,NA
357EA0B502A585225D96BE24444C2378,Printemps 2022,Branche,GI,2,IL,8,Apprentissage (Formation initiale),etudiants,NA,NA
7579601424B29F872D07B4FD37CF2DB6,Printemps 2022,Branche,GI,4,IL,8,Apprentissage (Formation initiale),etudiants,NA,NA
F1ACC9AC87625AED3458D1DD4A530F03,Printemps 2021,Branche,IM,6,IND,6,Apprentissage (Formation initiale),etudiants,NA,NA
542F7499D7B3A19B6140B792340889CE,Printemps 2021,Branche,GI,6,NA,6,Apprentissage (Formation initiale),etudiants,NA,NA
F309725CF6497F464E2B565DC72B8CCB,Printemps 2021,Branche,IM,6,CPT,6,Apprentissage (Formation initiale),etudiants,NA,NA
13739FE6D16ADDDF617C60F3FC29B982,Printemps 2022,Branche,IM,4,LIBR,8,Apprentissage (Formation initiale),etudiants,NA,NA
EFF1F11B61FE4BD3CDD88313C30680CB,Printemps 2021,Branche,IM,6,CPT,6,Apprentissage (Formation initiale),etudiants,NA,NA
6A89C022C179C7EF03974728722EC89D,Printemps 2021,Branche,IM,6,CPT,6,Apprentissage (Formation initiale),etudiants,NA,NA
6DC9CFF7BAFF7B047A3C591648B164D1,Printemps 2021,Branche,IM,6,IND,6,Apprentissage (Formation initiale),etudiants,NA,NA
FBC0DAAD510CF428482AEC3ECF7635B1,Printemps 2022,Branche,GI,4,IL,8,Apprentissage (Formation initiale),etudiants,NA,NA
A6C8CC13E866F513F8C40493FE0E01CF,Printemps 2022,Branche,IM,4,CPT,8,Apprentissage (Formation initiale),etudiants,NA,NA
23F6DA952B79C8FB9282593C39708FB6,Printemps 2021,Branche,GI,6,IL,6,Apprentissage (Formation initiale),etudiants,NA,NA
F2D4A41B43B2660509F4454139A415A7,Printemps 2021,Branche,IM,6,CPT,6,Apprentissage (Formation initiale),etudiants,NA,NA
7AA1C5F02CB1053E98DBCC1A2BDDBEB0,Printemps 2021,Branche,IM,2,CPT,2,Apprentissage (Formation initiale),etudiants,NA,NA
E2E65A33E7C960AB2602A2D1872C9331,Printemps 2022,Branche,GI,4,IL,7,Apprentissage (Formation initiale),etudiants,NA,NA
FDA3FC6E3594850AE229449692B1E981,Printemps 2022,Branche,GI,2,3IC,6,Apprentissage (Formation initiale),etudiants,NA,NA
54E44EFBA460F7E4665032F6D3CD9EA0,Printemps 2022,Branche,GI,6,IL,6,Apprentissage (Formation initiale),etudiants,NA,NA
4552787C2D008C78913A751B6E654682,Printemps 2022,Branche,IM,6,CPT,6,Apprentissage (Formation initiale),etudiants,NA,NA
645474E7BAD9994BC83EBE61014492B3,Printemps 2022,Branche,GI,2,3IC,6,Apprentissage (Formation initiale),etudiants,NA,NA
F3315C6102DABA99DCF4DF703D478CA0,Printemps 2022,Branche,IM,6,IND,6,Apprentissage (Formation initiale),etudiants,NA,NA
0FF926B8A7242270917A9D7FFC38C4E0,Printemps 2022,Branche,IM,2,NA,6,Apprentissage (Formation initiale),etudiants,NA,NA
69D4440A77716333F028FC90D38C9E35,Printemps 2022,Branche,IM,6,CPT,6,Apprentissage (Formation initiale),etudiants,NA,NA
AB7A1D51FB4B20BDF759C56811460B13,Printemps 2022,Branche,GI,6,IL,6,Apprentissage (Formation initiale),etudiants,NA,NA
9E2E0E18639EC772A5A0C33862AD1BF9,Printemps 2022,Branche,GI,6,IL,6,Apprentissage (Formation initiale),etudiants,NA,NA
2F74C85795D528A9D8B296B1A7812DDE,Printemps 2022,Branche,GI,2,NA,6,Apprentissage (Formation initiale),etudiants,NA,NA
AA7F3D181CA44FA2117586570A64ECE7,Printemps 2022,Branche,GI,6,IL,6,Apprentissage (Formation initiale),etudiants,NA,NA
3DDC2B39BA162621E5B73FCDBA4EFB1C,Printemps 2022,Branche,IM,2,NA,6,Apprentissage (Formation initiale),etudiants,NA,NA
7105358BCAA84630F4A96E4ABEB64A8C,Printemps 2022,Branche,GI,6,3IC,6,Apprentissage (Formation initiale),etudiants,NA,NA
DD41CFF99659097EA1E1F925060A2807,Printemps 2022,Branche,IM,6,CPT,6,Apprentissage (Formation initiale),etudiants,NA,NA
AF0CE5215E7ECC54D998B9B2C74EB707,Printemps 2022,Branche,IM,2,CPT,6,Apprentissage (Formation initiale),etudiants,NA,NA
46EC46C7894BEDAF9E1F96E36B0B3766,Printemps 2022,Branche,GI,6,IL,6,Apprentissage (Formation initiale),etudiants,NA,NA
F91F143413E159D286F24AB4EECE859B,Printemps 2022,Branche,GI,6,IL,6,Apprentissage (Formation initiale),etudiants,NA,NA
93C9F657097F770C6EDAD03A90045FD6,Printemps 2022,Branche,IM,6,CMI,6,Apprentissage (Formation initiale),etudiants,NA,NA
6A5BA3551BC81BE5D1C02BE73AB962B1,Printemps 2022,Branche,IM,6,IND,6,Apprentissage (Formation initiale),etudiants,NA,NA
CBE77EBC95DBD10F034070F2353DAED9,Printemps 2022,Branche,GI,6,IL,6,Apprentissage (Formation initiale),etudiants,NA,NA
E3156A07BFA63EE7AF42D5D0941614BB,Printemps 2022,Branche,GI,6,IL,6,Apprentissage (Formation initiale),etudiants,NA,NA
7D6C875A8E90185223850B8C5152A27C,Printemps 2022,Branche,GI,6,IL,6,Apprentissage (Formation initiale),etudiants,NA,NA
69DA84AECE3F122C09C634FA250B5390,Printemps 2022,Branche,IM,6,IND,6,Apprentissage (Formation initiale),etudiants,NA,NA
5127112A6C3F36F21A94F9C8F1EA8CC6,Printemps 2022,Branche,GI,6,IL,6,Apprentissage (Formation initiale),etudiants,NA,NA
20FF9E3CB0C2371D3828718B18699BB7,Printemps 2022,Branche,GI,6,IL,6,Apprentissage (Formation initiale),etudiants,NA,NA
0ABAF1CC6952580B826F0EB0859C19C0,Printemps 2022,Branche,GI,6,IL,6,Apprentissage (Formation initiale),etudiants,NA,NA
DB9A4D5948115A7AF5D2C066D6E40598,Printemps 2022,Branche,IM,6,CPT,6,Apprentissage (Formation initiale),etudiants,NA,NA
223F7A9F54304B424E9762488D154174,Printemps 2022,Branche,IM,6,CPT,6,Apprentissage (Formation initiale),etudiants,NA,NA
C222ACC26D15765E6B212632D931CDB5,Printemps 2022,Branche,IM,6,CPT,6,Apprentissage (Formation initiale),etudiants,NA,NA
2E45E207BE964FB8A2C81B462ABC60A8,Printemps 2022,Branche,IM,6,IND,6,Apprentissage (Formation initiale),etudiants,NA,NA
309B6832C3A2F265E0203F5547DC9AF6,Printemps 2022,Branche,GI,6,3IC,6,Apprentissage (Formation initiale),etudiants,NA,NA
032D41E0E23E35C5D05AB9138FB11D82,Printemps 2022,Branche,GI,3,3IC,6,Apprentissage (Formation initiale),etudiants,NA,NA
25A5556EE513F31306461979ECA6EBCB,Printemps 2022,Branche,IM,6,IND,6,Apprentissage (Formation initiale),etudiants,NA,NA
52558577CB2D9AFCD6E38C270E48F4E3,Printemps 2022,Branche,IM,6,CPT,6,Apprentissage (Formation initiale),etudiants,NA,NA
7D7375586D6D6B2A6F41D96D1F7BD491,Printemps 2022,Branche,GI,6,IL,6,Apprentissage (Formation initiale),etudiants,NA,NA
07AD6F5E6B8F2827548DC424E4A602DB,Printemps 2022,Branche,GI,6,IL,6,Apprentissage (Formation initiale),etudiants,NA,NA
C11E0B579EA9932C4951CCF9B788BD35,Printemps 2022,Branche,GI,6,IL,6,Apprentissage (Formation initiale),etudiants,NA,NA
E39868B5B593B6C9B2E328C493E60383,Printemps 2022,Branche,IM,6,IND,6,Apprentissage (Formation initiale),etudiants,NA,NA
7BFE5AD980D3807E3C741F2F34BF43E7,Printemps 2022,Branche,GI,6,IL,6,Apprentissage (Formation initiale),etudiants,NA,NA
193FD3B0DF99D1AB6BA1C0A489D2D901,Printemps 2022,Branche,GI,6,IL,6,Apprentissage (Formation initiale),etudiants,NA,NA
19E9B9138E4A46A3776F94A03DC2FB97,Printemps 2022,Branche,IM,6,CPT,6,Apprentissage (Formation initiale),etudiants,NA,NA
5D0D68E972B216F4940D824BBAB6FC7C,Printemps 2022,Branche,IM,6,CPT,6,Apprentissage (Formation initiale),etudiants,NA,NA
9835964FDD869CE7DA7AE3103ECC2781,Printemps 2022,Branche,IM,6,IND,6,Apprentissage (Formation initiale),etudiants,NA,NA
D426A3DDF088775B2559E90E03F4427E,Printemps 2022,Branche,GI,6,IL,6,Apprentissage (Formation initiale),etudiants,NA,NA
3242700530AAE0363123B26FF6DE4547,Printemps 2022,Branche,GI,2,3IC,6,Apprentissage (Formation initiale),etudiants,NA,NA
48F808C1C8AC388E6E505B8C281B4A54,Printemps 2022,Branche,IM,6,IND,6,Apprentissage (Formation initiale),etudiants,NA,NA
6B2669673EF99C55BE404DBE0EC1D54A,Printemps 2022,Branche,IM,6,CPT,6,Apprentissage (Formation initiale),etudiants,NA,NA
F63E4F6A7F71DE0BC7EF5679412A35F9,Printemps 2022,Branche,IM,6,CPT,6,Apprentissage (Formation initiale),etudiants,NA,NA
5F26A9ED7DA24D2FE32F773B5AD042A3,Printemps 2022,Branche,IM,6,IND,6,Apprentissage (Formation initiale),etudiants,NA,NA
94DECA01BC539A5F4E7B9ABBA31D4859,Printemps 2022,Branche,GI,6,IL,6,Apprentissage (Formation initiale),etudiants,NA,NA
9313942D6ADFA7EEF8D14DE129EF8FF8,Printemps 2022,Branche,GI,6,3IC,6,Apprentissage (Formation initiale),etudiants,NA,NA
26B55B6A0A9C0186CA7368EF429FB14F,Printemps 2022,Branche,IM,6,CPT,6,Apprentissage (Formation initiale),etudiants,NA,NA
E0940A0EDF370EFABAA6A5148FA19F44,Printemps 2022,Branche,GI,6,IL,6,Apprentissage (Formation initiale),etudiants,NA,NA
9E3BC9603DA7B321EB72F0FA52D34B9A,Printemps 2022,Branche,IM,6,IND,6,Apprentissage (Formation initiale),etudiants,NA,NA
8460A0240793BDEBAF5BE57E18709C7E,Printemps 2022,Branche,GI,6,3IC,6,Apprentissage (Formation initiale),etudiants,NA,NA
106C55F1B20A92761F50165690321961,Printemps 2022,Branche,IM,6,IND,6,Apprentissage (Formation initiale),etudiants,NA,NA
620FE865B797D42375DFD3DC70AE5E3F,Printemps 2022,Branche,GI,5,IL,5,Apprentissage (Formation initiale),etudiants,NA,NA
6D8488D8FD40265EE031F4B8801FE67E,Printemps 2022,Branche,IM,4,CPT,4,Apprentissage (Formation initiale),etudiants,NA,NA
58CBC1B541C9574C4F17B44D802D97D9,Printemps 2022,Branche,GI,2,NA,4,Apprentissage (Formation initiale),etudiants,NA,NA
11C61E99A56F408602992D95CD2C9F28,Printemps 2022,Branche,IM,4,CPT,4,Apprentissage (Formation initiale),etudiants,NA,NA
A7266A5B04118CEBF573B8CDDB625F9F,Printemps 2022,Branche,IM,4,IND,4,Apprentissage (Formation initiale),etudiants,NA,NA
7C0C5880F10786957777AE21CC221BF2,Printemps 2022,Branche,IM,4,IND,4,Apprentissage (Formation initiale),etudiants,NA,NA
DA075F6887EBE0541137EC7739322276,Printemps 2022,Branche,IM,4,CPT,4,Apprentissage (Formation initiale),etudiants,NA,NA
CF8DBCE21E3141B445B9C4DBC1701866,Printemps 2022,Branche,IM,4,IND,4,Apprentissage (Formation initiale),etudiants,NA,NA
4BDE71AE07932BC23EC3208973F2F091,Printemps 2022,Branche,IM,4,CPT,4,Apprentissage (Formation initiale),etudiants,NA,NA
9ABF78BDE4900C33C40DBB317FDA23C2,Printemps 2022,Branche,IM,4,CPT,4,Apprentissage (Formation initiale),etudiants,NA,NA
FB4685898A012E5C8C85CE76B64DB841,Printemps 2022,Branche,IM,4,CPT,4,Apprentissage (Formation initiale),etudiants,NA,NA
A8F79F82E7E1D6E17019BD120AEA3EDE,Printemps 2022,Branche,GI,4,3IC,4,Apprentissage (Formation initiale),etudiants,NA,NA
8AB9BE87D70E9D0CFF28DE68151EB045,Printemps 2022,Branche,IM,4,CPT,4,Apprentissage (Formation initiale),etudiants,NA,NA
A5D1D8C5E45FC9BC7AE1F664844181EA,Printemps 2022,Branche,GI,4,IL,4,Apprentissage (Formation initiale),etudiants,NA,NA
ED26354CAA6306A997C107C2E50EA856,Printemps 2022,Branche,IM,4,CPT,4,Apprentissage (Formation initiale),etudiants,NA,NA
143074930A9AD29F87EF65CC5BCBC32D,Printemps 2022,Branche,IM,4,IND,4,Apprentissage (Formation initiale),etudiants,NA,NA
E8059648B7A978D33D75764DC7B599DB,Printemps 2022,Branche,GI,4,IL,4,Apprentissage (Formation initiale),etudiants,NA,NA
7C0F1F9DE76F7F4169470469A415C7B6,Printemps 2022,Branche,IM,4,CPT,4,Apprentissage (Formation initiale),etudiants,NA,NA
9D586FE383F1124BEF879A98BD7AA4E3,Printemps 2022,Branche,IM,4,IND,4,Apprentissage (Formation initiale),etudiants,NA,NA
E2DE2F1A5596266B16953E70CDB1B84E,Printemps 2022,Branche,GI,4,IL,4,Apprentissage (Formation initiale),etudiants,NA,NA
6B1FBE1F3346823211E50F49366A53B4,Printemps 2022,Branche,GI,4,3IC,4,Apprentissage (Formation initiale),etudiants,NA,NA
FE7909FFB31A8E12FBD3468AA17DFD22,Printemps 2022,Branche,GI,4,IL,4,Apprentissage (Formation initiale),etudiants,NA,NA
18907148FB80E5B170DE116D388797C0,Printemps 2022,Branche,GI,4,IL,4,Apprentissage (Formation initiale),etudiants,NA,NA
D1C03115AE2F051CA1ADE0325A5C6F83,Printemps 2021,Branche,GI,2,NA,2,Apprentissage (Formation initiale),etudiants,NA,NA
977024A95D1BAB3B186FC13469D00F18,Printemps 2022,Branche,IM,4,IND,4,Apprentissage (Formation initiale),etudiants,NA,NA
B75B878D7FD58B897163373D476B0C5C,Printemps 2022,Branche,IM,4,CPT,4,Apprentissage (Formation initiale),etudiants,NA,NA
2053B35300E76325F2BFAC1F675F4B0A,Printemps 2022,Branche,IM,4,CPT,4,Apprentissage (Formation initiale),etudiants,NA,NA
7E4D7B116B46AAE7D302D5CBC763FC2B,Printemps 2022,Branche,GI,4,NA,4,Apprentissage (Formation initiale),etudiants,NA,NA
FC50EEFD170B7B3661EBEE95304CB112,Printemps 2022,Branche,IM,4,CPT,4,Apprentissage (Formation initiale),etudiants,NA,NA
C1FEDC87D6BA8BA32F64F974EFE8B2BD,Printemps 2022,Branche,IM,4,IND,4,Apprentissage (Formation initiale),etudiants,NA,NA
F2A78BD44A69796AFD83A72F532EA2AE,Printemps 2022,Branche,IM,4,CPT,4,Apprentissage (Formation initiale),etudiants,NA,NA
73BCB323C1EC4AAE1737149054EF6DF7,Printemps 2022,Branche,GI,3,NA,4,Apprentissage (Formation initiale),etudiants,NA,NA
85E5B49A196C2CF05E4C9C5E8AEA139D,Printemps 2022,Branche,GI,2,NA,2,Apprentissage (Formation initiale),etudiants,NA,NA
F911E0F33024BA8677F0198F08556539,Printemps 2022,Branche,GI,2,NA,2,Apprentissage (Formation initiale),etudiants,NA,NA
DC3BCC4CC6DFE13B08743B183E441783,Printemps 2022,Branche,GI,2,NA,2,Apprentissage (Formation initiale),etudiants,NA,NA
AC50DDAE0ECD14011CE43D18A044C79A,Printemps 2022,Branche,GI,2,IL,2,Apprentissage (Formation initiale),etudiants,NA,NA
8E8234A09D707EA26F010A59B5A60C85,Printemps 2022,Branche,GI,2,NA,2,Apprentissage (Formation initiale),etudiants,NA,NA
4B0E55818273C4969959B5C861047E93,Printemps 2022,Branche,GI,2,IL,2,Apprentissage (Formation initiale),etudiants,NA,NA
46C2CAE8EBF9568CDE64ADF407B32202,Printemps 2022,Branche,GI,2,NA,2,Apprentissage (Formation initiale),etudiants,NA,NA
F486B9DE4614912EF38E1A406B96C3D8,Printemps 2022,Branche,IM,2,NA,2,Apprentissage (Formation initiale),etudiants,NA,NA
DE2619E0BA2623356C2E437F2103F065,Printemps 2022,Branche,IM,2,IND,2,Apprentissage (Formation initiale),etudiants,NA,NA
8B9D215A916F124D50FC4D6F8A055BCD,Printemps 2022,Branche,IM,2,CPT,2,Apprentissage (Formation initiale),etudiants,NA,NA
9980BC6C1A174D1908863A8156F7BB01,Printemps 2022,Branche,GI,2,NA,2,Apprentissage (Formation initiale),etudiants,NA,NA
E23AB44307DC8D4F412CA214C3B8ABE6,Printemps 2022,Branche,GI,2,NA,2,Apprentissage (Formation initiale),etudiants,NA,NA
9295E50ACBE01085F60AEF03B91BDF1A,Printemps 2022,Branche,GI,2,NA,2,Apprentissage (Formation initiale),etudiants,NA,NA
7D95265F59DBE242D09355015C490FAD,Printemps 2022,Branche,GI,2,NA,2,Apprentissage (Formation initiale),etudiants,NA,NA
A22249AFD0549D4A9D9FDB2486C4F3AD,Printemps 2022,Branche,GI,2,IL,2,Apprentissage (Formation initiale),etudiants,NA,NA
55D461A436E65F898FA0593A239871AD,Printemps 2022,Branche,GI,2,NA,2,Apprentissage (Formation initiale),etudiants,NA,NA
B55D6EE198C46F3DAA5576B0C1E7998F,Printemps 2022,Branche,IM,2,CPT,2,Apprentissage (Formation initiale),etudiants,NA,NA
46E0EE56CE827CF465568AEA729E3E39,Printemps 2022,Branche,GI,2,NA,2,Apprentissage (Formation initiale),etudiants,NA,NA
BF600E48EB81890246101F66C2D82666,Printemps 2022,Branche,IM,2,NA,2,Apprentissage (Formation initiale),etudiants,NA,NA
C06425079B0C865084A7D87576201628,Printemps 2022,Branche,GI,2,NA,2,Apprentissage (Formation initiale),etudiants,NA,NA
A891186F6BF0BB8DB68CFBF2E49E6C67,Printemps 2022,Branche,GI,2,NA,2,Apprentissage (Formation initiale),etudiants,NA,NA
036FD098909E4C6D5022B17BA9D75EF2,Printemps 2022,Branche,IM,2,NA,2,Apprentissage (Formation initiale),etudiants,NA,NA
6D373931C589A18A67608AB958108228,Printemps 2022,Branche,GI,2,NA,2,Apprentissage (Formation initiale),etudiants,NA,NA
A6F8219C8B3B5C7555AE24A3D8E2C8BE,Printemps 2022,Branche,IM,2,NA,2,Apprentissage (Formation initiale),etudiants,NA,NA
768675892D9E5AD1ADF6AC964BF80F89,Printemps 2022,Branche,GI,2,NA,2,Apprentissage (Formation initiale),etudiants,NA,NA
6259C54EE663C49E0DE336CBF17C5F0D,Printemps 2022,Branche,GI,2,NA,2,Apprentissage (Formation initiale),etudiants,NA,NA
646B17367D0140C93C90DF2438BE8A1B,Printemps 2022,Branche,GI,2,NA,2,Apprentissage (Formation initiale),etudiants,NA,NA
1B0235CCC5BCE8FB1925DB96BB3C9D95,Printemps 2022,Branche,IM,2,IND,2,Apprentissage (Formation initiale),etudiants,NA,NA
174B980475F8AD26A2FD9498FC44362D,Printemps 2022,Branche,IM,2,NA,2,Apprentissage (Formation initiale),etudiants,NA,NA
FBB4067989910248A62C840B24277653,Printemps 2022,Branche,GI,2,IL,2,Apprentissage (Formation initiale),etudiants,NA,NA
43C45CB0E66A21089DC749DAE4E163DE,Printemps 2022,Branche,IM,2,CPT,2,Apprentissage (Formation initiale),etudiants,NA,NA
74507A712A96188D9A2CD8D7D93A7A99,Printemps 2022,Branche,IM,2,CPT,2,Apprentissage (Formation initiale),etudiants,NA,NA
74558FD86C1FE2191CE564B36D513281,Printemps 2022,Branche,GI,2,NA,2,Apprentissage (Formation initiale),etudiants,NA,NA
617CE93DC94BC660AFC7F3312AB76598,Printemps 2022,Branche,GI,2,NA,2,Apprentissage (Formation initiale),etudiants,NA,NA
41DCF08C743A87D837034D710ECDA1FA,Printemps 2022,Branche,IM,2,NA,2,Apprentissage (Formation initiale),etudiants,NA,NA
7D6DDCB2748C796643DD295BE4A36A21,Printemps 2022,Branche,IM,2,CPT,2,Apprentissage (Formation initiale),etudiants,NA,NA
CB113F9344E850539BC1288289B87C14,Printemps 2022,Branche,IM,2,CPT,2,Apprentissage (Formation initiale),etudiants,NA,NA
0D10EE83DA05475A2B663EC94E61B80D,Printemps 2022,Branche,GI,2,NA,2,Apprentissage (Formation initiale),etudiants,NA,NA
BE12A562BCC65CE5FE34D951E877BE22,Printemps 2022,Branche,IM,2,NA,2,Apprentissage (Formation initiale),etudiants,NA,NA
D82815C06041D91925F3D5E46A9EA911,Printemps 2022,Branche,GI,2,NA,2,Apprentissage (Formation initiale),etudiants,NA,NA
AA64C8EEA86338505779E2F26B701662,Printemps 2022,Branche,IM,2,CPT,2,Apprentissage (Formation initiale),etudiants,NA,NA
304A110BC8FA278C1122A624386B3D6B,Printemps 2022,Branche,GI,2,NA,2,Apprentissage (Formation initiale),etudiants,NA,NA
A4E9EF8704B47EEBF575B6164613ECC9,Printemps 2022,Branche,IM,2,IND,2,Apprentissage (Formation initiale),etudiants,NA,NA
58B762E1C3632E08F8355B7F2CF94B01,Printemps 2022,Branche,IM,2,CPT,2,Apprentissage (Formation initiale),etudiants,NA,NA
62A383C459651F14D79ED58986816D3B,Printemps 2022,Branche,IM,2,CPT,2,Apprentissage (Formation initiale),etudiants,NA,NA
63DF54F9263E49CF91AA01B2B0DDCF3B,Printemps 2022,Branche,GI,2,NA,2,Apprentissage (Formation initiale),etudiants,NA,NA
0B71942F63020DF5301414218377F328,Printemps 2022,Branche,GI,2,NA,2,Apprentissage (Formation initiale),etudiants,NA,NA
FBF2D3868C1BD1AFA5E767F4DE702EF3,Printemps 2022,Branche,IM,2,NA,2,Apprentissage (Formation initiale),etudiants,NA,NA
4E459AC3FA00E01DC1923E4ABE164426,Printemps 2022,Branche,GI,2,NA,2,Apprentissage (Formation initiale),etudiants,NA,NA
73801FABDAA77E3A5709E536908937DF,Printemps 2022,Branche,IM,2,NA,2,Apprentissage (Formation initiale),etudiants,NA,NA
E314191C752B35824B759608653B9E9E,Printemps 2022,Branche,IM,2,NA,2,Apprentissage (Formation initiale),etudiants,NA,NA
21E320E0F95371171D96DA773BABF40C,Printemps 2022,Branche,GI,2,NA,2,Apprentissage (Formation initiale),etudiants,NA,NA
MA09,NA,NA,NA,NA,NA,NA,NA,UV,CS,0
TZ,NA,NA,NA,NA,NA,NA,NA,UV,TM,0
LH17,NA,NA,NA,NA,NA,NA,NA,UV,TSH,1
LH18,NA,NA,NA,NA,NA,NA,NA,UV,TSH,2
AH14,NA,NA,NA,NA,NA,NA,NA,UV,TSH,3
LH16,NA,NA,NA,NA,NA,NA,NA,UV,TSH,3
LH15,NA,NA,NA,NA,NA,NA,NA,UV,TSH,3
LH14,NA,NA,NA,NA,NA,NA,NA,UV,TSH,3
TN30,NA,NA,NA,NA,NA,NA,NA,UV,TM,3
AM03,NA,NA,NA,NA,NA,NA,NA,UV,CS,3
AIRP2,NA,NA,NA,NA,NA,NA,NA,UV,TSH,3
AH01,NA,NA,NA,NA,NA,NA,NA,UV,TSH,4
AI02,NA,NA,NA,NA,NA,NA,NA,UV,CS,4
AI03,NA,NA,NA,NA,NA,NA,NA,UV,TM,4
GE21,NA,NA,NA,NA,NA,NA,NA,UV,TSH,4
LG51,NA,NA,NA,NA,NA,NA,NA,UV,TSH,4
AH07,NA,NA,NA,NA,NA,NA,NA,UV,TSH,4
AI06,NA,NA,NA,NA,NA,NA,NA,UV,TM,4
AI11,NA,NA,NA,NA,NA,NA,NA,UV,TM,4
AI07,NA,NA,NA,NA,NA,NA,NA,UV,TM,4
AI16,NA,NA,NA,NA,NA,NA,NA,UV,TM,4
AS01,NA,NA,NA,NA,NA,NA,NA,UV,TSH,4
AI08,NA,NA,NA,NA,NA,NA,NA,UV,TM,4
AI13,NA,NA,NA,NA,NA,NA,NA,UV,TM,4
SH06,NA,NA,NA,NA,NA,NA,NA,UV,TSH,4
AH03,NA,NA,NA,NA,NA,NA,NA,UV,TSH,4
SI14,NA,NA,NA,NA,NA,NA,NA,UV,TSH,4
SI28,NA,NA,NA,NA,NA,NA,NA,UV,TSH,4
AH12,NA,NA,NA,NA,NA,NA,NA,UV,TSH,4
PH09,NA,NA,NA,NA,NA,NA,NA,UV,TSH,4
SI22,NA,NA,NA,NA,NA,NA,NA,UV,TSH,4
LC14,NA,NA,NA,NA,NA,NA,NA,UV,TSH,4
SI11,NA,NA,NA,NA,NA,NA,NA,UV,TSH,4
AM27,NA,NA,NA,NA,NA,NA,NA,UV,TM,4
AM09,NA,NA,NA,NA,NA,NA,NA,UV,TM,4
AM20,NA,NA,NA,NA,NA,NA,NA,UV,CS,4
AC03,NA,NA,NA,NA,NA,NA,NA,UV,TM,4
LG50,NA,NA,NA,NA,NA,NA,NA,UV,TSH,4
AI04,NA,NA,NA,NA,NA,NA,NA,UV,CS,4
AI20,NA,NA,NA,NA,NA,NA,NA,UV,TM,4
IC01,NA,NA,NA,NA,NA,NA,NA,UV,TSH,4
LA00,NA,NA,NA,NA,NA,NA,NA,UV,TSH,4
AM33,NA,NA,NA,NA,NA,NA,NA,UV,CS,4
DD01,NA,NA,NA,NA,NA,NA,NA,UV,TSH,4
LA13,NA,NA,NA,NA,NA,NA,NA,UV,TSH,4
SO04,NA,NA,NA,NA,NA,NA,NA,UV,TSH,4
AC02,NA,NA,NA,NA,NA,NA,NA,UV,TM,4
SP01,NA,NA,NA,NA,NA,NA,NA,UV,TSH,4
LH12,NA,NA,NA,NA,NA,NA,NA,UV,TSH,4
SH01,NA,NA,NA,NA,NA,NA,NA,UV,TSH,4
AI27,NA,NA,NA,NA,NA,NA,NA,UV,CS,4
LH13,NA,NA,NA,NA,NA,NA,NA,UV,TSH,4
SH02,NA,NA,NA,NA,NA,NA,NA,UV,TSH,4
SH03,NA,NA,NA,NA,NA,NA,NA,UV,TSH,4
SH04,NA,NA,NA,NA,NA,NA,NA,UV,TSH,4
SH05,NA,NA,NA,NA,NA,NA,NA,UV,TSH,4
EI03,NA,NA,NA,NA,NA,NA,NA,UV,TSH,4
LG30,NA,NA,NA,NA,NA,NA,NA,UV,TSH,4
AM12,NA,NA,NA,NA,NA,NA,NA,UV,CS,4
GE10,NA,NA,NA,NA,NA,NA,NA,UV,TSH,4
LG62,NA,NA,NA,NA,NA,NA,NA,UV,TSH,4
AC04,NA,NA,NA,NA,NA,NA,NA,UV,CS,4
SC01,NA,NA,NA,NA,NA,NA,NA,UV,TSH,4
SI24,NA,NA,NA,NA,NA,NA,NA,UV,TSH,4
AM08,NA,NA,NA,NA,NA,NA,NA,UV,CS,4
AI26,NA,NA,NA,NA,NA,NA,NA,UV,CS,4
GE90,NA,NA,NA,NA,NA,NA,NA,UV,TSH,4
LA01,NA,NA,NA,NA,NA,NA,NA,UV,TSH,4
AI24,NA,NA,NA,NA,NA,NA,NA,UV,TM,4
GE13,NA,NA,NA,NA,NA,NA,NA,UV,TSH,4
IC05,NA,NA,NA,NA,NA,NA,NA,UV,TSH,4
SO05,NA,NA,NA,NA,NA,NA,NA,UV,TSH,4
GE25,NA,NA,NA,NA,NA,NA,NA,UV,TSH,4
LB14,NA,NA,NA,NA,NA,NA,NA,UV,TSH,4
LA12,NA,NA,NA,NA,NA,NA,NA,UV,TSH,4
SC23,NA,NA,NA,NA,NA,NA,NA,UV,TSH,4
LG63,NA,NA,NA,NA,NA,NA,NA,UV,TSH,4
AH11,NA,NA,NA,NA,NA,NA,NA,UV,TSH,4
EI04,NA,NA,NA,NA,NA,NA,NA,UV,TSH,4
GE36,NA,NA,NA,NA,NA,NA,NA,UV,TSH,4
GE22,NA,NA,NA,NA,NA,NA,NA,UV,TSH,4
LA20,NA,NA,NA,NA,NA,NA,NA,UV,TSH,4
SP11,NA,NA,NA,NA,NA,NA,NA,UV,TSH,4
GE26,NA,NA,NA,NA,NA,NA,NA,UV,TSH,4
SI02,NA,NA,NA,NA,NA,NA,NA,UV,TSH,4
SC24,NA,NA,NA,NA,NA,NA,NA,UV,TSH,4
PH03,NA,NA,NA,NA,NA,NA,NA,UV,TSH,4
AH02,NA,NA,NA,NA,NA,NA,NA,UV,TSH,4
LG60,NA,NA,NA,NA,NA,NA,NA,UV,TSH,4
SP22,NA,NA,NA,NA,NA,NA,NA,UV,TSH,4
LA23,NA,NA,NA,NA,NA,NA,NA,UV,TSH,4
SO06,NA,NA,NA,NA,NA,NA,NA,UV,TSH,4
SI05,NA,NA,NA,NA,NA,NA,NA,UV,TSH,4
GE24,NA,NA,NA,NA,NA,NA,NA,UV,TSH,4
LA14,NA,NA,NA,NA,NA,NA,NA,UV,TSH,4
SC12,NA,NA,NA,NA,NA,NA,NA,UV,TSH,4
GE29,NA,NA,NA,NA,NA,NA,NA,UV,TSH,4
IC07,NA,NA,NA,NA,NA,NA,NA,UV,TSH,4
DI01,NA,NA,NA,NA,NA,NA,NA,UV,TSH,4
SI20,NA,NA,NA,NA,NA,NA,NA,UV,TSH,4
MU01,NA,NA,NA,NA,NA,NA,NA,UV,TSH,4
GE15,NA,NA,NA,NA,NA,NA,NA,UV,TSH,4
LA02,NA,NA,NA,NA,NA,NA,NA,UV,TSH,4
HE01,NA,NA,NA,NA,NA,NA,NA,UV,TSH,4
AS02,NA,NA,NA,NA,NA,NA,NA,UV,TSH,4
AV01,NA,NA,NA,NA,NA,NA,NA,UV,TSH,4
DS01,NA,NA,NA,NA,NA,NA,NA,UV,TSH,4
LA94,NA,NA,NA,NA,NA,NA,NA,UV,TSH,4
LG40,NA,NA,NA,NA,NA,NA,NA,UV,TSH,4
LA22,NA,NA,NA,NA,NA,NA,NA,UV,TSH,4
PH01,NA,NA,NA,NA,NA,NA,NA,UV,TSH,4
LD14,NA,NA,NA,NA,NA,NA,NA,UV,TSH,4
LA11,NA,NA,NA,NA,NA,NA,NA,UV,TSH,4
SH10,NA,NA,NA,NA,NA,NA,NA,UV,TSH,4
SH20,NA,NA,NA,NA,NA,NA,NA,UV,TSH,4
LA15,NA,NA,NA,NA,NA,NA,NA,UV,TSH,4
AM18,NA,NA,NA,NA,NA,NA,NA,UV,CS,4
GE28,NA,NA,NA,NA,NA,NA,NA,UV,TSH,4
GE20,NA,NA,NA,NA,NA,NA,NA,UV,TSH,4
AR04,NA,NA,NA,NA,NA,NA,NA,UV,TSH,4
BC01,NA,NA,NA,NA,NA,NA,NA,UV,TSH,4
EI05,NA,NA,NA,NA,NA,NA,NA,UV,TSH,4
AC01,NA,NA,NA,NA,NA,NA,NA,UV,CS,5
AI01,NA,NA,NA,NA,NA,NA,NA,UV,CS,5
AI05,NA,NA,NA,NA,NA,NA,NA,UV,CS,5
AI21,NA,NA,NA,NA,NA,NA,NA,UV,CS,5
AI09,NA,NA,NA,NA,NA,NA,NA,UV,CS,5
AI18,NA,NA,NA,NA,NA,NA,NA,UV,TM,5
AI10,NA,NA,NA,NA,NA,NA,NA,UV,CS,5
AI12,NA,NA,NA,NA,NA,NA,NA,UV,TM,5
TX00,NA,NA,NA,NA,NA,NA,NA,UV,TM,5
AI14,NA,NA,NA,NA,NA,NA,NA,UV,TM,5
AM04,NA,NA,NA,NA,NA,NA,NA,UV,CS,5
AM11,NA,NA,NA,NA,NA,NA,NA,UV,TM,5
AM14,NA,NA,NA,NA,NA,NA,NA,UV,CS,5
AM15,NA,NA,NA,NA,NA,NA,NA,UV,TM,5
AM25,NA,NA,NA,NA,NA,NA,NA,UV,CS,5
AM31,NA,NA,NA,NA,NA,NA,NA,UV,TM,5
AM35,NA,NA,NA,NA,NA,NA,NA,UV,TM,5
AM22,NA,NA,NA,NA,NA,NA,NA,UV,CS,5
AM01,NA,NA,NA,NA,NA,NA,NA,UV,TM,5
AA23,NA,NA,NA,NA,NA,NA,NA,UV,TM,5
AI22,NA,NA,NA,NA,NA,NA,NA,UV,TM,5
AI25,NA,NA,NA,NA,NA,NA,NA,UV,CS,5
AM07,NA,NA,NA,NA,NA,NA,NA,UV,CS,5
AM10,NA,NA,NA,NA,NA,NA,NA,UV,TM,5
PR00,NA,NA,NA,NA,NA,NA,NA,UV,TM,5
AM05,NA,NA,NA,NA,NA,NA,NA,UV,CS,5
AI23,NA,NA,NA,NA,NA,NA,NA,UV,TM,5
AM21,NA,NA,NA,NA,NA,NA,NA,UV,TM,5
FQ07,NA,NA,NA,NA,NA,NA,NA,UV,TM,5
AI28,NA,NA,NA,NA,NA,NA,NA,UV,CS,5
AI29,NA,NA,NA,NA,NA,NA,NA,UV,CS,5
IA02,NA,NA,NA,NA,NA,NA,NA,UV,CS,6
LO21,NA,NA,NA,NA,NA,NA,NA,UV,TM,6
NF17,NA,NA,NA,NA,NA,NA,NA,UV,TM,6
RO03,NA,NA,NA,NA,NA,NA,NA,UV,CS,6
SR02,NA,NA,NA,NA,NA,NA,NA,UV,CS,6
"NA17",NA,NA,NA,NA,NA,NA,NA,UV,TM,6
FQ01,NA,NA,NA,NA,NA,NA,NA,UV,TM,6
LO01,NA,NA,NA,NA,NA,NA,NA,UV,TM,6
MQ18,NA,NA,NA,NA,NA,NA,NA,UV,CS,6
SY02,NA,NA,NA,NA,NA,NA,NA,UV,CS,6
MQ02,NA,NA,NA,NA,NA,NA,NA,UV,CS,6
TF01,NA,NA,NA,NA,NA,NA,NA,UV,CS,6
TN12,NA,NA,NA,NA,NA,NA,NA,UV,TM,6
TN29,NA,NA,NA,NA,NA,NA,NA,UV,TM,6
AM29,NA,NA,NA,NA,NA,NA,NA,UV,TM,6
AM30,NA,NA,NA,NA,NA,NA,NA,UV,TM,6
AM23,NA,NA,NA,NA,NA,NA,NA,UV,TM,6
GE41,NA,NA,NA,NA,NA,NA,NA,UV,TSH,6
DI05,NA,NA,NA,NA,NA,NA,NA,UV,TM,6
MQ01,NA,NA,NA,NA,NA,NA,NA,UV,CS,6
SY14,NA,NA,NA,NA,NA,NA,NA,UV,CS,6
GE37,NA,NA,NA,NA,NA,NA,NA,UV,TM,6
MC05,NA,NA,NA,NA,NA,NA,NA,UV,TM,6
NF18,NA,NA,NA,NA,NA,NA,NA,UV,TM,6
AM06,NA,NA,NA,NA,NA,NA,NA,UV,TM,6
AM13,NA,NA,NA,NA,NA,NA,NA,UV,TM,6
CT04,NA,NA,NA,NA,NA,NA,NA,UV,TM,6
EN21,NA,NA,NA,NA,NA,NA,NA,UV,CS,6
MT12,NA,NA,NA,NA,NA,NA,NA,UV,CS,6
AM02,NA,NA,NA,NA,NA,NA,NA,UV,TM,6
TN20,NA,NA,NA,NA,NA,NA,NA,UV,TM,6
MC02,NA,NA,NA,NA,NA,NA,NA,UV,TM,6
MT11,NA,NA,NA,NA,NA,NA,NA,UV,CS,6
IA01,NA,NA,NA,NA,NA,NA,NA,UV,CS,6
NF16,NA,NA,NA,NA,NA,NA,NA,UV,CS,6
SR01,NA,NA,NA,NA,NA,NA,NA,UV,TM,6
SR04,NA,NA,NA,NA,NA,NA,NA,UV,CS,6
SY08,NA,NA,NA,NA,NA,NA,NA,UV,CS,6
MQ03,NA,NA,NA,NA,NA,NA,NA,UV,CS,6
MQ06,NA,NA,NA,NA,NA,NA,NA,UV,TM,6
MQ17,NA,NA,NA,NA,NA,NA,NA,UV,CS,6
TN24,NA,NA,NA,NA,NA,NA,NA,UV,TM,6
NF02,NA,NA,NA,NA,NA,NA,NA,UV,TM,6
NF11,NA,NA,NA,NA,NA,NA,NA,UV,CS,6
MT10,NA,NA,NA,NA,NA,NA,NA,UV,CS,6
SY04,NA,NA,NA,NA,NA,NA,NA,UV,CS,6
DD02,NA,NA,NA,NA,NA,NA,NA,UV,TM,6
NF22,NA,NA,NA,NA,NA,NA,NA,UV,TM,6
MT09,NA,NA,NA,NA,NA,NA,NA,UV,CS,6
IA04,NA,NA,NA,NA,NA,NA,NA,UV,TM,6
NF26,NA,NA,NA,NA,NA,NA,NA,UV,TM,6
SY09,NA,NA,NA,NA,NA,NA,NA,UV,CS,6
SY32,NA,NA,NA,NA,NA,NA,NA,UV,TM,6
LO18,NA,NA,NA,NA,NA,NA,NA,UV,TM,6
SR03,NA,NA,NA,NA,NA,NA,NA,UV,TM,6
MS02,NA,NA,NA,NA,NA,NA,NA,UV,TM,6
NF04,NA,NA,NA,NA,NA,NA,NA,UV,CS,6
MI01,NA,NA,NA,NA,NA,NA,NA,UV,TM,6
GE39,NA,NA,NA,NA,NA,NA,NA,UV,TM,6
TN22,NA,NA,NA,NA,NA,NA,NA,UV,TM,6
"NA18",NA,NA,NA,NA,NA,NA,NA,UV,TM,6
MP03,NA,NA,NA,NA,NA,NA,NA,UV,TM,6
SR05,NA,NA,NA,NA,NA,NA,NA,UV,CS,6
SR06,NA,NA,NA,NA,NA,NA,NA,UV,TM,6
SY03,NA,NA,NA,NA,NA,NA,NA,UV,TM,6
TN23,NA,NA,NA,NA,NA,NA,NA,UV,TM,6
EL01,NA,NA,NA,NA,NA,NA,NA,UV,CS,6
DF01,NA,NA,NA,NA,NA,NA,NA,UV,TM,6
MP02,NA,NA,NA,NA,NA,NA,NA,UV,TM,6
SY12,NA,NA,NA,NA,NA,NA,NA,UV,TM,6
RO05,NA,NA,NA,NA,NA,NA,NA,UV,CS,6
SY06,NA,NA,NA,NA,NA,NA,NA,UV,CS,6
LO22,NA,NA,NA,NA,NA,NA,NA,UV,TM,6
SY31,NA,NA,NA,NA,NA,NA,NA,UV,TM,6
PS09,NA,NA,NA,NA,NA,NA,NA,UV,TM,6
TN13,NA,NA,NA,NA,NA,NA,NA,UV,TM,6
SY10,NA,NA,NA,NA,NA,NA,NA,UV,TM,6
AM17,NA,NA,NA,NA,NA,NA,NA,UV,TM,6
TF06,NA,NA,NA,NA,NA,NA,NA,UV,CS,6
MU02,NA,NA,NA,NA,NA,NA,NA,UV,TSH,8
AE01,NA,NA,NA,NA,NA,NA,NA,UV,SP,17
AE02,NA,NA,NA,NA,NA,NA,NA,UV,SP,17
AE12,NA,NA,NA,NA,NA,NA,NA,UV,SP,24
TN09,NA,NA,NA,NA,NA,NA,NA,UV,SP,30
AE03,NA,NA,NA,NA,NA,NA,NA,UV,SP,36
